iter	Logloss
0	0.6809949918
1	0.6691226962
2	0.6582997821
3	0.6499556644
4	0.6411695788
5	0.6319199102
6	0.6238275287
7	0.6160017718
8	0.6082029875
9	0.6014439338
10	0.5938408869
11	0.5887764379
12	0.58372449
13	0.5783104377
14	0.572208165
15	0.5673368442
16	0.5625638496
17	0.5582966404
18	0.5531031399
19	0.5481115009
20	0.5443438029
