{"iterations": 1759, "learning_rate": 0.6602005173349775, "depth": 4, "l2_leaf_reg": 1.3899962096336376}