{"iterations": 2644, "learning_rate": 0.43601177620132014, "depth": 11, "l2_leaf_reg": 0.2841739056225151}